identifier,label,coupling,mean_first_order,mean_second_order,std_real_second_order,selected_scalar,increment_cv,radial_permutation_entropy,weak_record_in_released_residual_pair
audit-kuramoto-0-000,0,3.137067576720873,0.9983958712679146,0.9935917823763292,0.7026569339180995,-0.3004486159203943,0.4247804855600761,0.5736509713116786,False
audit-kuramoto-0-001,0,3.977330155149231,0.9988904532414365,0.9955661940104736,0.6986585426682116,-0.2747776481051231,0.4325710771989203,0.5693664787179081,False
audit-kuramoto-0-002,0,3.462621414881006,0.9994198047147136,0.9976803492059818,0.7020203901506064,-0.22227070689738257,0.4502625165682848,0.5623370988896712,False
audit-kuramoto-0-003,0,3.9914034113495944,0.9992006575594468,0.9968054651041238,0.703837678689151,-0.36777378362605917,0.4137133804002516,0.597615278879202,False
audit-kuramoto-0-004,0,3.0498600372056215,0.9958391048187014,0.9834037200216009,0.6947661518971511,-0.2845676744630835,0.4239033640131417,0.5634469522175994,False
audit-kuramoto-0-005,0,2.848026003233587,0.9917800580014152,0.9673989281956783,0.6813961003112977,-0.3221783844405545,0.42754939502600525,0.5900741522058865,False
audit-kuramoto-0-006,0,3.5157851362160275,0.9953235866315422,0.981377340950091,0.6924067238475711,-0.28295683732958826,0.42994906292866214,0.5705629935042099,False
audit-kuramoto-0-007,0,2.8539600719006364,0.9930704115458533,0.9725036557756217,0.6896851160077195,-0.3155727293581522,0.4160562002114561,0.5704314919159008,False
audit-kuramoto-0-008,0,3.1745887995092144,0.9995324493337829,0.998130640814828,0.7106689197727356,-0.2561643897789733,0.450998189208218,0.582673919261642,False
audit-kuramoto-0-009,0,3.2191627458076537,0.999356629466357,0.9974284595930094,0.7015508349614135,-0.2582948300938833,0.45491430005913597,0.5889868634644365,False
audit-kuramoto-0-010,0,3.135578735699408,0.999323538685495,0.9972953049366995,0.7012215864401824,-0.24423024091789927,0.44034103936279817,0.5621562058108903,False
audit-kuramoto-0-011,0,2.834297048267258,0.994989471624059,0.9800306789756705,0.6899588886595963,-0.3029210672422927,0.4307149669548891,0.5831051962481375,False
audit-kuramoto-0-012,0,3.120176382898682,0.9992692277245852,0.9970790598469423,0.7051947233253583,-0.2661035613154544,0.4473911834504282,0.5837874169624574,False
audit-kuramoto-0-013,0,2.9540850519854063,0.9995420130672055,0.9981687577890298,0.705887693261423,-0.2597790649047458,0.4477824986035744,0.5806143027701621,False
audit-kuramoto-0-014,0,3.27243425286018,0.9993033330394829,0.9972157418555816,0.7096374150111806,-0.3094769885177869,0.4368001963785926,0.5952329628646645,False
audit-kuramoto-0-015,0,3.841065286862904,0.9968926723502496,0.9876166471776313,0.6989708102526482,-0.25330655340326114,0.4258854848308987,0.5486589615429278,False
audit-kuramoto-0-016,0,3.05242754825816,0.9928909010120532,0.9718367950531102,0.6873667953550495,-0.33582649830236205,0.42595355889738507,0.5959500308089122,False
audit-kuramoto-0-017,0,3.6957025856699928,0.9967628155403807,0.9870945283070591,0.7001044229657745,-0.319147566626657,0.4192358518292187,0.5768493964171758,False
audit-kuramoto-0-018,0,3.963562282626136,0.9993823269892843,0.997530343906753,0.7005343357435437,-0.29107338679851785,0.43600415044557805,0.5833137172146781,False
audit-kuramoto-0-019,0,3.628701138676306,0.9966314608261175,0.9865804937214961,0.6940311560409886,-0.2736431096934667,0.4430771779536694,0.5825337255505323,False
audit-kuramoto-0-020,0,3.4551853128596957,0.9990381869526512,0.996154943266488,0.709051852376975,-0.2904122272834829,0.4322329181690429,0.577886124741044,False
audit-kuramoto-0-021,0,2.9362402629622175,0.9992303476930648,0.9969244052236412,0.7041492955934623,-0.3375058022538178,0.4261509191582083,0.5972282429222038,False
audit-kuramoto-0-022,0,3.1886021841501275,0.998152209121481,0.9926237508724558,0.7073091031928236,-0.3055692483549881,0.4238020029588582,0.5752677709393216,False
audit-kuramoto-0-023,0,3.6763646939797816,0.9995472377496348,0.9981896730608764,0.7027270999600206,-0.28730777829197407,0.4370410662036553,0.5825033535262194,False
audit-kuramoto-0-024,0,3.27002486938791,0.9980553193730477,0.9922345522293359,0.7022479241287607,-0.3155422799165661,0.431116745382362,0.5910621690938188,False
audit-kuramoto-0-025,0,3.6803041656760227,0.998789858260942,0.9951663288412094,0.7033104645865553,-0.28072502337501926,0.45629374150993757,0.6041737342222502,False
audit-kuramoto-0-026,0,3.794058811981009,0.9960614264139382,0.9843248325683548,0.6967672212542463,-0.3145534254151509,0.42118694218247654,0.5768776531188171,False
audit-kuramoto-0-027,0,3.2262152320472026,0.9972532108434857,0.9890331434103748,0.703147000989284,-0.290431878624279,0.4316183204913515,0.5770757610525852,False
audit-kuramoto-0-028,0,3.5808822084917935,0.9972193885189999,0.988926767860535,0.7034030778954768,-0.3348117516323424,0.443420498898813,0.6197587438899953,False
audit-kuramoto-0-029,0,3.0011157960070003,0.9975325925249213,0.9901517924813378,0.7021673161507842,-0.3138176793759004,0.4455065524643237,0.6097381696233908,False
audit-kuramoto-0-030,0,3.7584276560524428,0.9991757578021829,0.9967059957020072,0.7003186124993959,-0.31860133898211596,0.42504417044629716,0.5845220084161916,False
audit-kuramoto-0-031,0,3.5643547980101142,0.9991478698828918,0.9965951232454917,0.7039286344540584,-0.2974241283351389,0.4381238220434246,0.5898838765233463,False
audit-kuramoto-0-032,0,3.3653888788660153,0.9993723272414456,0.9974904311226764,0.7013554635628736,-0.2760969035830914,0.4474735259611601,0.5897591777231884,False
audit-kuramoto-0-033,0,3.022248397800218,0.9953144379249035,0.9813412674216178,0.6935687440084729,-0.29952125304249444,0.4168673671959843,0.5624427553261686,False
audit-kuramoto-0-034,0,3.0348291005185715,0.9998516788191094,0.9994068068406181,0.709398031279031,-0.2775312805586587,0.44868539137767444,0.5922052233588538,False
audit-kuramoto-0-035,0,3.6052260395593243,0.9950374330429325,0.9802163538001757,0.6865346730802251,-0.3322618813441567,0.42325986509139757,0.5900741522058865,False
audit-kuramoto-0-036,0,3.250466324578542,0.9969894210390484,0.988002353594611,0.7000006059592604,-0.2994746339181967,0.42270294137079195,0.5702895992182816,False
audit-kuramoto-0-037,0,3.5409534500313145,0.9989992285098179,0.9960009946405199,0.7070599045908164,-0.2503944096234113,0.46028628961543516,0.591252444776359,False
audit-kuramoto-0-038,0,3.478909463696702,0.9983718100547083,0.9934983531206701,0.7016833029443837,-0.2938067307398608,0.4399858218634391,0.59025180540536,False
audit-kuramoto-0-039,0,3.1439141957783643,0.9968497055858199,0.9874530396620713,0.6969663936433477,-0.3294517696863293,0.4146053507056409,0.5763867497896651,False
audit-kuramoto-0-040,0,3.3360879345656715,0.9985171097246646,0.9940750492084145,0.7030711620216896,-0.2590309813875241,0.4437189426695,0.5749150736516059,False
audit-kuramoto-0-041,0,3.853244883781077,0.9974098729446117,0.9896792572663481,0.6991355728892974,-0.2955440668968864,0.436825360311983,0.5870309531629826,False
audit-kuramoto-0-042,0,3.778151423246659,0.9976846838224671,0.9907686617500437,0.6981305554719586,-0.271837044826422,0.4402505195003265,0.5777729507659141,False
audit-kuramoto-0-043,0,3.6601378299826086,0.9961034299941028,0.9844797486181798,0.6965947443152486,-0.29311305043260233,0.43545497568819336,0.583768474607735,False
audit-kuramoto-0-044,0,3.085936010622309,0.9974966669105517,0.9900123710189563,0.7001785567716137,-0.31512080484175936,0.43633483307829557,0.5979641006862313,False
audit-kuramoto-0-045,0,2.970532104541364,0.9977417556310824,0.9909825638354448,0.6990415937633557,-0.26500127846050503,0.43671812885880473,0.5692326648829826,False
audit-kuramoto-0-046,0,3.160403911675722,0.9975212264369462,0.9901153290515489,0.6978240312101265,-0.2756259493146574,0.4383356675641012,0.5774436899345989,False
audit-kuramoto-0-047,0,3.9535862911138766,0.9990261175828545,0.9961085032449052,0.7060787873519814,-0.2854688522323071,0.4412201150048192,0.5869929037332757,False
audit-kuramoto-0-048,0,3.895410241304258,0.9989701426893605,0.995885140542177,0.7035516016490996,-0.25978948474053076,0.4387042053404362,0.5688489193660402,False
audit-kuramoto-0-049,0,3.5182309473523956,0.9994576475209715,0.9978319560969915,0.7058425015708825,-0.30275886546915215,0.43123286567422664,0.5837116447277328,False
audit-kuramoto-0-050,0,3.8596993727139455,0.9988660830234206,0.9954694670787491,0.705312229213594,-0.28741388576765176,0.45065484036636305,0.6007119962583907,False
audit-kuramoto-0-051,0,3.443735218116851,0.9983610089085977,0.9934535087630763,0.6964736758003587,-0.32873677075438973,0.42017459632858994,0.5837116447277328,False
audit-kuramoto-0-052,0,3.4225497804099003,0.9995216233306334,0.9980878960061195,0.7079528961221633,-0.3338053049711987,0.43954925100880393,0.613729991344835,False
audit-kuramoto-0-053,0,2.9884978825765627,0.9988463591665158,0.99538875172502,0.7075605361297979,-0.28505991339190095,0.4390865161925441,0.5839155599365963,False
audit-kuramoto-0-054,0,3.591132670665223,0.9985250010462561,0.9941112471108748,0.7032828055216089,-0.28481002459108157,0.4384903482263711,0.5829770532739985,False
audit-kuramoto-0-055,0,3.6512550913518966,0.998114542203405,0.9924757157751414,0.7003387724595007,-0.32604659806318625,0.43580985384945753,0.6038058053402364,False
audit-kuramoto-0-056,0,3.6403703161156873,0.9963798218705407,0.9855833743062605,0.7022332349507406,-0.26293418922161715,0.4324068177130262,0.5624493257927946,False
audit-kuramoto-0-057,0,3.965109100084195,0.9988404991529625,0.9953661826593785,0.7043658852390355,-0.2909670455773081,0.43695376450706475,0.5845220084161916,False
audit-kuramoto-0-058,0,3.001730063638325,0.9950810066328338,0.980420070302592,0.6907267926951961,-0.32883694888376197,0.4415067077766094,0.6134079196088077,False
audit-kuramoto-0-059,0,2.9420379483293058,0.9975795392144097,0.990332231306788,0.6991565836450848,-0.3024686816067674,0.44647933355935526,0.6041737342222502,False
audit-kuramoto-0-060,0,3.62222634041096,0.9990259333257723,0.9961086623938711,0.7042290810616356,-0.2936986979693456,0.43576178748295563,0.5845220084161916,False
audit-kuramoto-0-061,0,3.326229552555238,0.9975044452404671,0.9900392927994486,0.7032987563927944,-0.24714389423558528,0.44157595364095287,0.565377661570098,False
audit-kuramoto-0-062,0,2.832849597991937,0.9958999640680719,0.9836777985895838,0.7001339136806597,-0.3121741628213363,0.4419820008473171,0.6039209564773536,False
audit-kuramoto-0-063,0,3.1002980598625896,0.9985349042669573,0.9941498535686757,0.7029791829589602,-0.2596890051541619,0.4401862333441054,0.5707132535744315,False
audit-kuramoto-0-064,0,2.881919087796956,0.997495533596106,0.9899985134633079,0.7015227568143879,-0.3006425910897998,0.4263274411082229,0.5758517699923712,False
audit-kuramoto-0-065,0,3.21174113127194,0.998734851584553,0.9949473663629088,0.7053659140761035,-0.27160806247786295,0.4285868610782013,0.5623370988896712,False
audit-kuramoto-0-066,0,2.835421341865236,0.9970675427701818,0.9883204027710695,0.7009782878456917,-0.2738776277188277,0.42698905191230735,0.5615136038789247,False
audit-kuramoto-0-067,0,3.939821278867539,0.998265351199384,0.9930789369013878,0.7034490338368972,-0.276282232986611,0.4472462607392842,0.5895689020406483,False
audit-kuramoto-0-068,0,3.943254963834657,0.9992318300077536,0.9969291437380468,0.706476300443746,-0.3569006660912568,0.4296339625194589,0.6139013595262232,False
audit-kuramoto-0-069,0,3.1585225278615288,0.9974106739073056,0.9896827171674367,0.6995976418376423,-0.2915193687302433,0.4267012413556486,0.5711223550286857,False
audit-kuramoto-0-070,0,3.4635344604929257,0.9992054509046748,0.9968234292663675,0.7018847104440714,-0.2864619644254232,0.4330029826835842,0.57663332624614,False
audit-kuramoto-0-071,0,3.3471294326561,0.9967612148038486,0.987073462413329,0.6977178032328838,-0.27561459951236905,0.43185907668174633,0.568905263461168,False
audit-kuramoto-0-072,0,3.07622913467586,0.9960767449594099,0.9843555300179341,0.7005753424257795,-0.34146661820736596,0.4178086063608199,0.5878607305544821,False
audit-kuramoto-0-073,0,3.4803950089183338,0.9982441963676133,0.9929879118508882,0.6970636318268505,-0.37014644794719287,0.41852503955816595,0.6060019285598628,False
audit-kuramoto-0-074,0,3.299444354673157,0.9967180427810279,0.9869277508072208,0.6978670602568804,-0.34508258899066657,0.42687686878817016,0.6027956183061968,False
audit-kuramoto-0-075,0,3.4023356912596143,0.9986721604642009,0.9946971871236704,0.7029212878872072,-0.3588760657752511,0.41761451047873455,0.5979067765713387,False
audit-kuramoto-0-076,0,3.642347692793575,0.9990298793804082,0.9961232113789876,0.7075070475874522,-0.26814551683242566,0.43509674398975773,0.5689052634611679,False
audit-kuramoto-0-077,0,2.9636808283408906,0.9990273606665668,0.9961141202482529,0.710625887461503,-0.33074158380771546,0.4289780488140305,0.5971374574157462,False
audit-kuramoto-0-078,0,2.873129926418049,0.9987433781006687,0.9949821773575582,0.7092163109428749,-0.30756917096681674,0.4483698869356975,0.6098345578853969,False
audit-kuramoto-0-079,0,3.7054087832340947,0.9994136122823072,0.9976559373058844,0.7076040157945145,-0.3184241428432957,0.44395573395422205,0.6104210729881024,False
audit-kuramoto-0-080,0,3.945210696944277,0.9989479812265876,0.9957947494697541,0.7037956589671452,-0.3249443314913331,0.430093175341876,0.5952289992512814,False
audit-kuramoto-0-081,0,3.3788838474926326,0.9990145156704835,0.9960627748226305,0.7049377941342924,-0.30029640810092767,0.45164266143771165,0.6098345578853969,False
audit-kuramoto-0-082,0,3.5029828365272664,0.9917997264785797,0.9674683410680777,0.6896137082811977,-0.3638315586182414,0.41425659742180365,0.5960455806361544,False
audit-kuramoto-0-083,0,2.895968737662203,0.999263583559864,0.9970569034532739,0.7084814679062671,-0.2912398294379223,0.436763794745725,0.5844272825608937,False
audit-kuramoto-0-084,0,3.423699268042331,0.9989801743910968,0.995923489856598,0.7043356314221533,-0.2440388338573997,0.42856173683882093,0.5470135855904429,False
audit-kuramoto-0-085,0,3.0681351349842285,0.9935856364561944,0.9745117521319189,0.6896609711743884,-0.3113776704980202,0.4175775075190034,0.5701205586977647,False
audit-kuramoto-0-086,0,3.902600441828132,0.9981539847923098,0.9926283146659443,0.6961502775082541,-0.3640873788484092,0.42329731532491977,0.6092094815429098,False
audit-kuramoto-0-087,0,3.74490125203079,0.9991672742349136,0.9966714378902556,0.7041809566586414,-0.29172601498901396,0.4413748781466219,0.5908845158943453,False
audit-kuramoto-0-088,0,2.988023106040566,0.9929401762681367,0.9719139884151244,0.685596421673874,-0.2979035736032854,0.4182877592871721,0.5634469522175994,False
audit-kuramoto-0-089,0,3.98548767367095,0.9988343527986405,0.9953411812879277,0.6996940502567865,-0.36840748788626326,0.407018773068885,0.5883175178511822,False
audit-kuramoto-0-090,0,3.6276389941095295,0.9955304620785497,0.9821891126788207,0.6935249400454333,-0.2909645835174091,0.4417110828525583,0.5908845158943453,False
audit-kuramoto-0-091,0,3.2605120722388476,0.9976366937002952,0.9905622813290123,0.7016890479791806,-0.30713331784723064,0.43835255389624084,0.5959500308089121,False
audit-kuramoto-0-092,0,3.5138669643385745,0.9959138455402985,0.9837436839623237,0.6973679969186419,-0.3442865846981802,0.4232710573726938,0.5972282429222038,False
audit-kuramoto-0-093,0,3.7079827997047032,0.9994100766377731,0.9976419925323098,0.7020925037664235,-0.2629975726752681,0.4504638523600001,0.5859739930217455,False
audit-kuramoto-0-094,0,3.0373763087372243,0.9967161220738789,0.9869068977756102,0.7008813319020991,-0.35840923519812884,0.42082331700322534,0.6022196867721104,False
audit-kuramoto-0-095,0,3.9285894044861633,0.998073466549396,0.9923136324792379,0.7001203317684283,-0.2969561979224585,0.434386831921562,0.5845788382961937,False
audit-kuramoto-0-096,0,3.741261768089858,0.9998467394497634,0.9993870659158083,0.7099597728043394,-0.2919107915672235,0.4293104394501115,0.5748396224814937,False
audit-kuramoto-0-097,0,3.789074360335009,0.9988650264071174,0.9954657242341006,0.699883631047035,-0.3385390984246493,0.44375416494333125,0.6225412091622456,False
audit-kuramoto-0-098,0,3.372538904587079,0.9983391962953738,0.9933681593788896,0.7068809552526532,-0.2999567937994748,0.44080342185900867,0.5949966736548745,False
audit-kuramoto-0-099,0,2.9051599347489727,0.9965301647503506,0.986186666240148,0.6989556586788462,-0.322904103154356,0.4318291960792628,0.5964135095181682,False
audit-kuramoto-0-100,0,3.234081715751154,0.9950030395525002,0.9800985082392408,0.6980977513671405,-0.29435424056168313,0.439886749006385,0.5904420810879003,False
audit-kuramoto-0-101,0,3.998990080889926,0.9977675719754958,0.9910888719819425,0.7038843059753659,-0.30348831579821106,0.43440292322857027,0.5884316718460769,False
audit-kuramoto-0-102,0,3.4656471020693385,0.9952767746101401,0.9811750138788202,0.6981955668094324,-0.3190206517515121,0.43396946292230504,0.5970463938863455,False
audit-kuramoto-0-103,0,3.1104870643317577,0.9978452443525552,0.9913994510096084,0.6973352449755742,-0.32333789625708714,0.42322202602004044,0.5847794820818712,False
audit-kuramoto-0-104,0,3.021212569508613,0.9861476021113585,0.9454610192365366,0.6752395041657633,-0.3537866324999,0.40382572505205633,0.5752300481343039,False
audit-kuramoto-0-105,0,3.7447078930199864,0.9969465714590735,0.9878303128474835,0.6984504158082485,-0.3224413339466629,0.43176255983625655,0.5960455806361544,False
audit-kuramoto-0-106,0,2.9697560034442563,0.9985849351738203,0.9943495755722122,0.7038207044322415,-0.30233224055829505,0.4246844996315718,0.5746026627386435,False
audit-kuramoto-0-107,0,3.4306142938389224,0.9970192259564199,0.9880976814190987,0.6948614741305259,-0.24799297570402382,0.4443567648307492,0.5694213902129915,False
audit-kuramoto-0-108,0,3.5590032524718684,0.9987246000423371,0.9949049424376051,0.700350327813424,-0.25804562477724935,0.4460224536133419,0.5773305159594689,False
audit-kuramoto-0-109,0,3.1404275541663713,0.9943773857231442,0.9776220975951921,0.6934593810608227,-0.3387414688914032,0.4259004915159254,0.597615278879202,False
audit-kuramoto-0-110,0,3.7431125417134625,0.9994805773873467,0.9979231383932191,0.705448368243315,-0.2483849719413671,0.4440811769264924,0.5692913541724852,False
audit-kuramoto-0-111,0,3.3877936430406064,0.9992605683036668,0.997044436504511,0.7100008769929899,-0.32869149644933954,0.44169124300608265,0.6135750513942021,False
audit-kuramoto-0-112,0,3.834521989736193,0.9996270546470423,0.9985086671464728,0.7065006198836836,-0.2909607263446379,0.4458459583508541,0.5964135095181682,False
audit-kuramoto-0-113,0,3.8601060760638775,0.9972364912418015,0.98896811627046,0.7006200314975467,-0.29305971472178116,0.44553314063470256,0.5972473499971882,False
audit-kuramoto-0-114,0,3.2028513094202253,0.9967384480206831,0.9870156596129684,0.6956839329622561,-0.30541491649549807,0.42538728097867146,0.5773305159594689,False
audit-kuramoto-0-115,0,3.0673840297435677,0.9993755824241555,0.9975041021834166,0.7039950855630712,-0.31129183758535495,0.4422034355063641,0.6036906366279351,False
audit-kuramoto-0-116,0,3.736005916669879,0.9983326899034128,0.9933397192455666,0.7025861224794093,-0.29063661591797174,0.4364213563247902,0.5836169188724349,False
audit-kuramoto-0-117,0,3.8397401345544897,0.9993683843950039,0.9974753991660761,0.7048297555204023,-0.26953679111536927,0.45982414508747854,0.6020743331813149,False
audit-kuramoto-0-118,0,3.1659273445762373,0.9975977026581866,0.9904195906676014,0.7002729359326972,-0.3022279105476403,0.44172491174651174,0.5975961718042175,False
audit-kuramoto-0-119,0,2.816345845840836,0.9965796426599215,0.9863664589246781,0.7004677421026024,-0.33498213830248197,0.4371844299808208,0.6111468546408284,False
audit-kuramoto-1-000,1,0.15677922585845408,0.2853503458699784,0.45580463419099493,0.3470870329703341,-1.115158593560903,0.21514090873621683,0.6561909307766897,False
audit-kuramoto-1-001,1,0.28426538541054874,0.33819486377572444,0.3497731838953822,0.2831585317746547,-1.2310306776028304,0.20662677108709557,0.7076465944130886,False
audit-kuramoto-1-002,1,0.05857705966905762,0.3910116899868279,0.3581847155436335,0.27236513070620283,-1.5338928906335596,0.1601452996968401,0.7424640275623733,False
audit-kuramoto-1-003,1,0.12195993996402127,0.37545788753509435,0.42001221152650275,0.3257777732943557,-1.0815170149435496,0.23662039697175036,0.6978290608241232,False
audit-kuramoto-1-004,1,0.06890673604141431,0.5142984841075231,0.5529101507434411,0.4165620444546408,-0.7826909237252175,0.2655695410160789,0.5808936286583496,False
audit-kuramoto-1-005,1,0.16524703666070073,0.6125720824293402,0.4804107244354838,0.3750375292976211,-1.0409337150434061,0.23732444649493267,0.6720695923918454,False
audit-kuramoto-1-006,1,0.3281526211858893,0.6186795732759254,0.33608317182518327,0.25594418951747944,-1.365611405883423,0.20421776430490982,0.8001492766825786,False
audit-kuramoto-1-007,1,0.25328998563919924,0.42913608943312165,0.4286670211790974,0.3358884649971722,-1.1384322900745305,0.22069115402542472,0.6889691701146582,False
audit-kuramoto-1-008,1,0.24687162249048078,0.77462915703366,0.6677552444398791,0.4818298736106122,-0.73318437982124,0.3011453124610399,0.6268938922515902,True
audit-kuramoto-1-009,1,0.3474443785072306,0.6604379237920851,0.5699437369933595,0.4290553966785098,-0.9823216215940187,0.24911796455195456,0.6653067161422983,False
audit-kuramoto-1-010,1,0.41535853188675675,0.5951183492951373,0.2812288544720057,0.20404193254920813,-1.6160558540558514,0.14488481587871685,0.7292341786024422,False
audit-kuramoto-1-011,1,0.27442879071117326,0.44614598693741436,0.4230778593365292,0.337874916046115,-1.1537005291772784,0.22846118269545707,0.7241994582629269,False
audit-kuramoto-1-012,1,0.3418689115867386,0.6314914539424833,0.565188339531052,0.42170018046578894,-0.7142486493304951,0.307646060013488,0.6284136433377486,False
audit-kuramoto-1-013,1,0.07875686691511885,0.49565147302499524,0.38035060910744567,0.3138810697358823,-1.2018069133532252,0.2388601404088527,0.7944778531234254,False
audit-kuramoto-1-014,1,0.1959140405489259,0.5220485966121187,0.474841496967362,0.3816810819788687,-1.0200420836553312,0.24169165790597258,0.6702862494738849,False
audit-kuramoto-1-015,1,0.32245735549210475,0.5352513557185569,0.5042672390779104,0.4034463962316402,-1.0111717304809287,0.2619035763965619,0.7199257919132026,False
audit-kuramoto-1-016,1,0.11511900678225295,0.3170669811588807,0.31417273642635446,0.25127989066564516,-1.6489441307168193,0.15565407566183637,0.8096323188271064,False
audit-kuramoto-1-017,1,0.19114326662121672,0.46605589459009694,0.4280091841509231,0.3259160551762252,-1.3163927280217869,0.2006501147303714,0.7484133259612347,False
audit-kuramoto-1-018,1,0.3795040105681307,0.5540689596195174,0.29232122498403323,0.22506412200767292,-1.6470194532419626,0.14902534632091352,0.7736625987907569,False
audit-kuramoto-1-019,1,0.31161721663909514,0.774910388134709,0.6882151394763812,0.500783688323108,-0.6152686737242098,0.3263544160960009,0.6038058053402364,True
audit-kuramoto-1-020,1,0.057625184568525306,0.432020182020449,0.41660824604801877,0.3311857014815779,-1.1455736973248076,0.22217153284779131,0.6985616632973749,False
audit-kuramoto-1-021,1,0.4339627848990426,0.9517982017842684,0.8177847320906488,0.5815831204513644,-0.6804124937729379,0.33118715919556957,0.653992671984685,True
audit-kuramoto-1-022,1,0.1482438596123193,0.464472404628444,0.522900047663114,0.40551142011646785,-1.0719303620017773,0.23663148236303605,0.691203560750051,False
audit-kuramoto-1-023,1,0.3719127088684553,0.4484148113580307,0.40212206539226114,0.30982204045835454,-1.2602258138383327,0.20531930931150455,0.7240005782352816,False
audit-kuramoto-1-024,1,0.3113890291040808,0.9214321984377047,0.7023373097288317,0.49600015609984,-0.771641757233525,0.2812506936097337,0.6084338392023025,False
audit-kuramoto-1-025,1,0.4286046040168643,0.7834195831418274,0.26058270894749813,0.1850469271863687,-1.6853066538527803,0.13769973706909505,0.7427668173214722,False
audit-kuramoto-1-026,1,0.3729428579107068,0.9957630453946006,0.9831126581708697,0.6971505265315203,-0.3182582395618145,0.4190399391674358,0.5760672894303581,True
audit-kuramoto-1-027,1,0.420575919927612,0.8465513917442756,0.4627536788789135,0.3279320001525668,-1.1667744044040302,0.19344399976455934,0.6212679508028985,False
audit-kuramoto-1-028,1,0.18604603087814367,0.5496078233828576,0.38100329444090925,0.29064409065314073,-1.388497151953607,0.17561165223111222,0.7039956603730667,False
audit-kuramoto-1-029,1,0.28010081703980955,0.5975592511451409,0.23806518948488545,0.17911896858533669,-1.8381000969340697,0.1316625343318206,0.8274446313353384,False
audit-kuramoto-1-030,1,0.09218453617868541,0.40472444036350536,0.41253815015900097,0.33265616019986943,-1.1441785648944194,0.22617887740921813,0.7101702621102559,False
audit-kuramoto-1-031,1,0.3465239522894397,0.7379962094695414,0.5818677152688798,0.42275558325076296,-0.8312884280417483,0.2686441526117166,0.6168809658704849,True
audit-kuramoto-1-032,1,0.17822481718747885,0.29435653453629396,0.3842594113669166,0.2852220013276302,-1.3983277030973253,0.1971402938633236,0.7981075268397951,False
audit-kuramoto-1-033,1,0.3331305294496133,0.4720268531486288,0.4134120925162501,0.31413295556826315,-1.219123070243113,0.20968242478279675,0.7096111874731302,False
audit-kuramoto-1-034,1,0.3808285791215329,0.7353520066897685,0.4793636295323935,0.34853281044398216,-1.210197144089409,0.20179653114003115,0.6768549972791196,False
audit-kuramoto-1-035,1,0.0591317948018276,0.4205316878085529,0.493210244515159,0.3898810494602128,-1.0461589818213053,0.2469014708466135,0.7028534019855228,False
audit-kuramoto-1-036,1,0.090467956559112,0.45670940293297196,0.40288179656302914,0.3136792552355755,-1.2711866048880265,0.20181631169087155,0.7194913788257781,False
audit-kuramoto-1-037,1,0.3466318245008413,0.7769053287268328,0.3283627295378966,0.2340129286155147,-1.5083927008906413,0.16449008524570105,0.7434065003835205,False
audit-kuramoto-1-038,1,0.2124498222436794,0.4091787228096805,0.3642213135490943,0.2836815468195561,-1.395369899652294,0.18272975721101128,0.7375827081783907,False
audit-kuramoto-1-039,1,0.4276564507425148,0.9166591483488129,0.7150113746619745,0.501663847964144,-0.7288125580179023,0.27907866838118917,0.5784234815664204,False
audit-kuramoto-1-040,1,0.42157586594622004,0.9213360366901766,0.7058499420257365,0.5003380192497436,-0.7319527495448831,0.28666326946511445,0.5960121192445893,False
audit-kuramoto-1-041,1,0.35169023962418966,0.7730836013087072,0.6167668622751137,0.4444644645072102,-0.9810618161523887,0.2548149521728758,0.679664587346985,False
audit-kuramoto-1-042,1,0.19020159664205707,0.36587312122679827,0.47055082354231087,0.3607927884521681,-1.191538456108188,0.23009482152664287,0.7575048580312534,False
audit-kuramoto-1-043,1,0.22419498792859957,0.6248488593097504,0.3268872173892647,0.25209344193405064,-1.5335552931799001,0.14714153561595947,0.6819458455828541,False
audit-kuramoto-1-044,1,0.29579759401772215,0.7325360291003575,0.5398654818781956,0.39159950875585764,-1.0423712215541756,0.22955336667289192,0.6509981245737992,False
audit-kuramoto-1-045,1,0.06232811866915786,0.38757668835319947,0.39815015367876855,0.33235089092109843,-1.3095574450787406,0.21315288049284922,0.7896320721726395,False
audit-kuramoto-1-046,1,0.3350628426438709,0.8174279754155751,0.7823780534966867,0.5597003554928901,-0.48950154742826657,0.3892434136845714,0.6350517162348184,True
audit-kuramoto-1-047,1,0.05481903434442606,0.39932417056817976,0.47919813903330394,0.3763324896691307,-1.0821642285499864,0.22709292965907057,0.6701647293903048,False
audit-kuramoto-1-048,1,0.11106732598934421,0.441446574557362,0.3886378355194581,0.2910667390921687,-1.5966414636334563,0.14977814479859253,0.7393686405103519,False
audit-kuramoto-1-049,1,0.3854697244115319,0.8731581115081657,0.5528341096021325,0.3904260820564551,-0.9891377354142082,0.2260208868837871,0.6077509358375908,False
audit-kuramoto-1-050,1,0.16863404020625677,0.4387303243092538,0.36838773469411756,0.279055778943926,-1.5226338330398437,0.15297739277837302,0.7012917481771197,False
audit-kuramoto-1-051,1,0.11140896302293966,0.5193473198336372,0.33022748300420923,0.2597698479403504,-1.398339845168448,0.18366518101772195,0.7435635831117577,False
audit-kuramoto-1-052,1,0.05463553200840319,0.6713554526719732,0.5350667629546585,0.40722795638079656,-1.0293884839948553,0.24470518850454914,0.6850163183440289,False
audit-kuramoto-1-053,1,0.29387466339060386,0.5072941901944356,0.40374184010703135,0.3110605509323559,-1.3376699657027242,0.18031101273877723,0.6870129748022464,False
audit-kuramoto-1-054,1,0.08489833418274673,0.439023883016237,0.329406224543164,0.2646532880562994,-1.2263987262456086,0.21584512197974196,0.7358011106718011,False
audit-kuramoto-1-055,1,0.37972255127673155,0.8065467708774845,0.3399188394020334,0.2423332792352795,-1.4775072411756627,0.15954366084055255,0.6991217234290213,False
audit-kuramoto-1-056,1,0.2619899235158922,0.42179692615909714,0.259070635654071,0.20688322727309338,-1.7621481340773653,0.1442032534311461,0.8399748293708259,False
audit-kuramoto-1-057,1,0.09534454424022876,0.6153737574026021,0.5430261049502572,0.40582944654827496,-1.020945831960809,0.23887111489199928,0.6630629765162112,False
audit-kuramoto-1-058,1,0.22780793710388278,0.8705174855387574,0.5643040752082826,0.39842179953408763,-0.9663278322188296,0.22638293772386017,0.5949966736548745,False
audit-kuramoto-1-059,1,0.31856987133150816,0.7441189362520944,0.4928365258754468,0.3577309713997988,-1.0654517151659968,0.22411019695718148,0.6504013277576014,False
audit-kuramoto-1-060,1,0.29495516965561186,0.9639014055713139,0.8598380572135211,0.6086280807265099,-0.5150560522627299,0.3565501617429274,0.5967695285337326,True
audit-kuramoto-1-061,1,0.09468651052834778,0.4104615570630811,0.47282471536182985,0.37636489577140836,-1.1526319428296186,0.22277024056914488,0.7054055424020358,False
audit-kuramoto-1-062,1,0.24210480494927522,0.5520925239581367,0.3807923516976014,0.2887300302328159,-1.260847096625876,0.19723422147921107,0.6959230294057477,False
audit-kuramoto-1-063,1,0.42328656467879433,0.8857571365418848,0.5789816695494012,0.4104176773942579,-0.9944132040918463,0.2278400725145476,0.615883088023075,False
audit-kuramoto-1-064,1,0.3206946473261181,0.9029093891670449,0.6379204880526529,0.4499466178781822,-0.8954617912950783,0.24762864982446556,0.6063103828781126,False
audit-kuramoto-1-065,1,0.26120278636613214,0.7884079336344605,0.713922958420596,0.5139377172411626,-0.8024343670412114,0.27416220451277645,0.611646369297029,False
audit-kuramoto-1-066,1,0.07859089059416174,0.3396483926972292,0.3780268884425012,0.3036361973860091,-1.3696043488788194,0.19948210265350266,0.7847214969780572,False
audit-kuramoto-1-067,1,0.17390186585851947,0.5399832731684598,0.4053694981784678,0.30686630611905297,-1.308361406903137,0.20897529715461846,0.7732307063979649,False
audit-kuramoto-1-068,1,0.18751594459665608,0.6755404851619617,0.5685904789761811,0.423732181432717,-0.9846306664164107,0.24470807117714286,0.6550402098596128,False
audit-kuramoto-1-069,1,0.08696375210020194,0.4555058140370146,0.5219521899920848,0.4091829255124,-0.9582057213041043,0.24756849962991412,0.6454146856462183,False
audit-kuramoto-1-070,1,0.1835499577887032,0.5696895202671826,0.2575879593616883,0.2054191191238177,-1.7273166540578424,0.1430762878615798,0.8048811520896615,False
audit-kuramoto-1-071,1,0.2618914030375728,0.6886501574841911,0.44266067277932974,0.32893995521102576,-1.0168372093207676,0.2224780545630671,0.6150266976973799,False
audit-kuramoto-1-072,1,0.36642126493111027,0.9376177495078748,0.7711788276961766,0.545958557052124,-0.6621769698900288,0.30492507882873227,0.591252444776359,True
audit-kuramoto-1-073,1,0.3972365706029555,0.8915328181517121,0.6092795060641474,0.4299130855500063,-0.929145858424052,0.24607541823909698,0.6231479235213963,False
audit-kuramoto-1-074,1,0.20387813777437272,0.5874967785200756,0.38992703706936427,0.3044703635775936,-1.177755149756369,0.23096686477687947,0.74996715366741,False
audit-kuramoto-1-075,1,0.2486226120524908,0.4206843498700395,0.3591190488796474,0.2797654910196274,-1.210441204595302,0.20239331842553424,0.6790224112005168,False
audit-kuramoto-1-076,1,0.2917885088199084,0.4851476356668357,0.44486579580865737,0.33560237691226014,-1.2507964741617421,0.20493449810837547,0.7158616229900905,False
audit-kuramoto-1-077,1,0.13533436463475992,0.390667235169931,0.37178877309346314,0.2861933064287677,-1.4656616215338654,0.17344384911770738,0.7510825281693022,False
audit-kuramoto-1-078,1,0.08047937765894907,0.6666104497780163,0.5059648101359464,0.3840251958611388,-0.9295508836699222,0.24833287928418865,0.6291193519516641,False
audit-kuramoto-1-079,1,0.2337393227907791,0.4581089318943503,0.455887247913913,0.3613934881289605,-1.1537707372570072,0.21962237851941938,0.6962301985151865,False
audit-kuramoto-1-080,1,0.17079158283124865,0.31444626936294884,0.3267402203801685,0.25965957868271544,-1.587589190029409,0.16761277989551598,0.8199518608682254,False
audit-kuramoto-1-081,1,0.21062143730708144,0.7488342828645467,0.5733234940278605,0.4154005264101717,-1.0008186081639332,0.23027100204961523,0.6264540928040897,False
audit-kuramoto-1-082,1,0.38621643894198643,0.7877529180554227,0.5616954718658174,0.4031021750469073,-0.9687750917739247,0.234864268793529,0.6188004600133462,False
audit-kuramoto-1-083,1,0.24780263655948917,0.3653634326064555,0.3222248592256955,0.25977204167598134,-1.516557820916111,0.17041863398661544,0.7765148667826174,False
audit-kuramoto-1-084,1,0.3871488861598036,0.8644158652139851,0.5052414328024996,0.3561231227973843,-1.129362719033964,0.20691767304671743,0.6401379638964589,False
audit-kuramoto-1-085,1,0.3745247887393116,0.6648427501323901,0.6356575979917976,0.4826060035590636,-0.825280986503525,0.29307737606594286,0.6689555695610341,False
audit-kuramoto-1-086,1,0.3011565169187972,0.8867683613001931,0.6238660810420458,0.4409757072405846,-0.9154245864854588,0.25618186185772246,0.6399001694640573,False
audit-kuramoto-1-087,1,0.3657626534719111,0.4840615380006264,0.3907543301304236,0.302394180137689,-1.2282632594509861,0.2066418211300617,0.7057423479790813,False
audit-kuramoto-1-088,1,0.28012351655866,0.6377319525109704,0.510748288774898,0.3893355201289857,-0.9794260578535414,0.2381981502459598,0.6343043913859068,False
audit-kuramoto-1-089,1,0.4498430605912063,0.6530096403253989,0.37996312853949726,0.29418753025642447,-1.2154112175111234,0.22202296581991063,0.7485904564363866,False
audit-kuramoto-1-090,1,0.2859424699304563,0.4652232570036379,0.43367802070147565,0.3305804283551892,-1.2653521990379673,0.18334804658232357,0.6498479700987484,False
audit-kuramoto-1-091,1,0.18151518251873028,0.8104840191464109,0.34501591330508397,0.2728016673292759,-1.4911187004262376,0.1733781070063944,0.7701563175883254,False
audit-kuramoto-1-092,1,0.14466469522953546,0.426425405525359,0.41656149240711926,0.3129540884943863,-1.1931943671097078,0.20811618287484673,0.686283539851232,False
audit-kuramoto-1-093,1,0.197212833121257,0.7319531931041124,0.3880030830016607,0.288630074916494,-1.3176714001603294,0.18899052353845253,0.7058256680045734,False
audit-kuramoto-1-094,1,0.16891246832671053,0.47120873639220806,0.40373561975791805,0.30584145675056457,-1.267529481042846,0.1895434375278516,0.6732708530161917,False
audit-kuramoto-1-095,1,0.41827132680682394,0.7355687640673942,0.5063186662290059,0.3671977975225797,-1.1616591656057926,0.2158217778183206,0.6896002853884445,False
audit-kuramoto-1-096,1,0.16068652238817227,0.4773655936871936,0.46976989173259454,0.36959618151108464,-0.9733755789453564,0.2580549147041409,0.6830362899485574,False
audit-kuramoto-1-097,1,0.1348437851960516,0.5049670745714618,0.41018040824240154,0.3274823647166219,-1.1554558261424903,0.2282101940285929,0.7246747525626648,False
audit-kuramoto-1-098,1,0.3006177647428725,0.46078032777945466,0.3040270624844902,0.2407767704846602,-1.3921444150707685,0.19747891561778272,0.7945502578267767,False
audit-kuramoto-1-099,1,0.12717090468494346,0.43932980788190396,0.2531800403416931,0.20184767697522912,-1.617111079350897,0.15368994502390135,0.7743688523341965,False
audit-kuramoto-1-100,1,0.22129512370196958,0.5564538521311839,0.13847317167158754,0.10539436961554316,-2.281463748138127,0.09207585088607785,0.9015148016360474,False
audit-kuramoto-1-101,1,0.14912604704732307,0.6212135999699786,0.4673902934078578,0.35185422994916765,-1.0649384629288385,0.24587419741924663,0.7131975695089158,False
audit-kuramoto-1-102,1,0.4053976430062931,0.8061386732205473,0.7454641722818203,0.5384395830617801,-0.5743929881990831,0.3479751882907944,0.6180220699248078,True
audit-kuramoto-1-103,1,0.28134868242206534,0.4467741047134898,0.24379706463337053,0.19243029217868976,-1.9934055419102645,0.12566654632846758,0.9224539813590926,False
audit-kuramoto-1-104,1,0.28949613406313485,0.825994882045336,0.5604971501308686,0.3959578802779002,-1.0290764915799848,0.22368080536720808,0.6259663114175162,False
audit-kuramoto-1-105,1,0.4323586289941014,0.4654250776587462,0.3649227232323536,0.27803528550494094,-1.5173463511609542,0.16460821950542304,0.7506312949985832,False
audit-kuramoto-1-106,1,0.22055791240907371,0.6186433436502186,0.47926534570741297,0.3617100674772917,-1.058587652608274,0.23496012767964133,0.6772249454119914,False
audit-kuramoto-1-107,1,0.2198742199441938,0.3488834528001974,0.4032570742457121,0.3307176536798953,-1.162960565576353,0.22471777105631535,0.7189600785625171,False
audit-kuramoto-1-108,1,0.2514916467298067,0.7124017409992164,0.45958231293377005,0.3343056555720911,-1.106725717022729,0.21504856353835966,0.6504013277576014,False
audit-kuramoto-1-109,1,0.29181104970343025,0.43109181220366233,0.3543373790376566,0.27216151709819164,-1.3167531969462956,0.19251482185477975,0.7183280423183748,False
audit-kuramoto-1-110,1,0.12820538788157956,0.4415796422717457,0.49156445902586604,0.3916488156698473,-1.1015479265668024,0.22901275085632145,0.6890581134464097,False
audit-kuramoto-1-111,1,0.19765142116483433,0.42102841976291394,0.2778910490783995,0.21711202419077186,-1.1747842492491807,0.22243349182721003,0.7201160619290821,False
audit-kuramoto-1-112,1,0.16422333732002148,0.4075126488054987,0.29890732825274763,0.24640024936753216,-1.617276218074075,0.1567576044382701,0.7899557369282054,False
audit-kuramoto-1-113,1,0.15402050643505985,0.42449026532691475,0.3590320447806924,0.2830097854732331,-1.59938798588816,0.1605972820744576,0.7949568756003588,False
audit-kuramoto-1-114,1,0.34881232814960245,0.9831910137696861,0.9334782112027544,0.6567719436897306,-0.37213247234116276,0.4028893508088786,0.5845220084161916,True
audit-kuramoto-1-115,1,0.09174602346834333,0.41570974919321935,0.36705508252864516,0.27651604821535186,-1.2353796501171717,0.20658964150414832,0.7106031177390759,False
audit-kuramoto-1-116,1,0.3795728689884604,0.775426841848367,0.48772824012889204,0.3517375572877978,-1.070533215032575,0.212658075815854,0.6203096669262493,False
audit-kuramoto-1-117,1,0.42275058883480393,0.8921276548612429,0.6195407223881386,0.43889406620001614,-0.8874077357828032,0.2510424119500036,0.6097381696233908,False
audit-kuramoto-1-118,1,0.3568037109475619,0.5333897754487317,0.44953502844390597,0.344596855770962,-1.199574168873619,0.2171026809588594,0.7204994109328329,False
audit-kuramoto-1-119,1,0.14129989840773158,0.4977696852355762,0.30778724874321195,0.2408165843953676,-1.3905779878881,0.20161269002737733,0.8099127067333495,False
